Feature_Category,Feature_Name,Innovation_Level,Technology_Stack,Unique_Value_Proposition,Implementation_Complexity,Market_Impact
AI & Machine Learning,Neural Weather Prediction Networks,Revolutionary,"TensorFlow, PyTorch, Neural Networks",Predicts weather with human-like reasoning and pattern recognition,High,Transformational
AI & Machine Learning,Quantum Weather Modeling,Breakthrough,"Quantum Computing, IBM Qiskit",Uses quantum computing for exponentially more accurate forecasting,Very High,Revolutionary
AI & Machine Learning,Climate Pattern Recognition AI,Advanced,"Computer Vision, Deep Learning",Identifies long-term climate patterns invisible to traditional models,Medium,High
AI & Machine Learning,Weather-GPT Conversational AI,Innovative,"GPT-4, NLP, Conversational AI",Natural language weather conversations with AI meteorologist,Medium,High
IoT & Sensors,Hyperlocal IoT Sensor Networks,Revolutionary,"Arduino, Raspberry Pi, LoRa",Street-level precision weather monitoring every few meters,High,Revolutionary
IoT & Sensors,Edge Computing Weather Nodes,Advanced,"Edge TPU, NVIDIA Jetson",Instant local processing without cloud dependency,High,High
IoT & Sensors,Smart Weather Drones,Innovative,"Autonomous Systems, Computer Vision",Autonomous weather data collection in remote areas,Very High,High
IoT & Sensors,Environmental DNA Sensors,Breakthrough,"Biotech Sensors, DNA Analysis",Detects environmental changes at molecular level,Very High,Revolutionary
Blockchain & Security,Decentralized Weather Data Verification,Revolutionary,"Ethereum, Polygon, Chainlink",Tamper-proof weather data with cryptographic verification,High,Transformational
Blockchain & Security,Weather NFT Data Tokens,Breakthrough,"IPFS, NFT Standards, Web3",Monetizes accurate weather predictions through NFT ownership,Medium,Revolutionary
Blockchain & Security,Smart Contract Weather Insurance,Advanced,"Solidity, DeFi Protocols",Automated weather insurance payouts via smart contracts,High,High
Visualization & UI,3D Atmospheric Holographic Display,Breakthrough,"Unity 3D, WebGL, Three.js",Immersive 3D weather visualization floating in air,Very High,Revolutionary
Visualization & UI,AR Weather Overlay Interface,Revolutionary,"ARCore, ARKit, WebXR",Weather information overlaid directly on real world view,High,Transformational
Visualization & UI,VR Weather Simulation Experiences,Advanced,"Oculus SDK, VR Frameworks",Step inside weather systems and experience them firsthand,High,High
Visualization & UI,Dynamic Particle Weather Effects,Innovative,"WebGL Shaders, Canvas API","Beautiful, dynamic weather effects that respond to real conditions",Medium,Medium
Real-time Processing,Real-time Satellite Integration,Advanced,"Satellite APIs, Real-time Streaming",Live satellite imagery updated every few seconds,High,High
Real-time Processing,Edge AI Processing Units,Revolutionary,"Edge Computing, 5G Networks",Weather processed locally for instant response times,High,Transformational
Real-time Processing,Microsecond Weather Updates,Breakthrough,"WebSocket, Server-Sent Events","Weather updates delivered in real-time, not delayed forecasts",Medium,Revolutionary
Social & Crowdsourcing,Crowdsourced Weather Validation,Innovative,"Peer-to-peer Networks, IPFS",Community-verified weather accuracy through crowd validation,Medium,Medium
Social & Crowdsourcing,Social Weather Impact Scoring,Advanced,"Social APIs, Graph Databases",Social impact scores showing how weather affects communities,Low,High
Social & Crowdsourcing,Community Weather Challenges,Innovative,"Gamification APIs, Leaderboards",Competitive weather prediction games with real rewards,Low,Medium
Health & Wellness,Personalized Health Weather Alerts,Advanced,"Health APIs, Wearables Integration",Health recommendations personalized to individual weather sensitivity,Medium,High
Health & Wellness,Biometric Weather Adaptation,Breakthrough,"Biometric Sensors, Health Analytics",Wearable devices that adapt body responses to weather changes,High,Revolutionary
Health & Wellness,Weather-based Wellness Coaching,Innovative,"AI Coaching, Recommendation Systems",AI coach that helps optimize daily activities based on weather,Medium,Medium
Gaming & Gamification,Weather Prediction Gaming,Revolutionary,"Game Engines, Prediction Markets",Turn weather prediction into competitive gaming experience,Medium,High
Gaming & Gamification,Climate Change Battle Simulator,Breakthrough,"Climate Simulation, Game Theory",Educational game showing climate change impacts interactively,High,High
Gaming & Gamification,Weather Trading Card System,Innovative,"Collectible Systems, Blockchain",Collectible weather events and rare atmospheric phenomena,Low,Low
Future Technologies,Metaverse Weather Environments,Breakthrough,"Metaverse Platforms, VR/AR",Weather experiences in virtual worlds and digital twins,Very High,Revolutionary
Future Technologies,Weather-to-Energy Optimization AI,Revolutionary,"Energy Grid APIs, Optimization AI",AI that optimizes renewable energy based on weather patterns,Very High,Transformational
Future Technologies,Autonomous Weather Monitoring,Advanced,"Robotics, Autonomous Control",Self-deploying weather stations that go where needed,Very High,High
Future Technologies,Neural Atmosphere Modeling,Breakthrough,"Advanced Neural Networks, Deep Learning",Neural networks that understand atmospheric physics like humans,Very High,Transformational
